{
    "variants": {
        "pitch=north,yaw=north": { "model": "opencomputers:block/keyboard" },
        "pitch=north,yaw=east":  { "model": "opencomputers:block/keyboard", "y": 90 },
        "pitch=north,yaw=south": { "model": "opencomputers:block/keyboard", "y": 180 },
        "pitch=north,yaw=west":  { "model": "opencomputers:block/keyboard", "y": 270 },
        "pitch=up,yaw=north": { "model": "opencomputers:block/keyboard", "x": -90, "y": 180 },
        "pitch=up,yaw=east":  { "model": "opencomputers:block/keyboard", "x": -90, "y": 270 },
        "pitch=up,yaw=south": { "model": "opencomputers:block/keyboard", "x": -90 },
        "pitch=up,yaw=west":  { "model": "opencomputers:block/keyboard", "x": -90, "y": 90 },
        "pitch=down,yaw=north": { "model": "opencomputers:block/keyboard", "x": 90, "y": 180 },
        "pitch=down,yaw=east":  { "model": "opencomputers:block/keyboard", "x": 90, "y": 270 },
        "pitch=down,yaw=south": { "model": "opencomputers:block/keyboard", "x": 90 },
        "pitch=down,yaw=west":  { "model": "opencomputers:block/keyboard", "x": 90, "y": 90 }
    }
}
